Company,Website
Weka,www.weka.io
DeepScribe,www.deepscribe.ai
Tecovas,tecovas.com
Vivvi,vivvi.com
Ironclad,www.ironcladapp.com/
Clari,www.clari.com
Spekit,spekit.com
Nowsta,nowsta.com
Capacity,capacity.com
Turing Labs,www.turingsaas.com/
Anitian,www.anitian.com
Capital Markets Gateway,cmgx.io/
Sollis Health,www.sollishealth.com
KidzToPros,kidztopros.com/
Order,order.co
Sibros,www.sibros.com
Polly,www.polly.io
LEX Markets,www.LEX-markets.com
Loadsmart,loadsmart.com/
Maisonette,www.maisonette.com/
Dewpoint Therapeutics,dewpointx.com
Taxfyle,www.taxfyle.com
Swoogo,www.swoogo.com
Alchemy,alchemy.com
Superconductive,www.superconductive.com/
Kevala,www.kevala.care/
Databook,www.trydatabook.com/
Terray Therapeutics,terraytx.com
Uniphore,www.uniphore.com
Chronicled,chronicled.com
Helium,www.helium.com
Bloomreach,www.bloomreach.com
Secureframe,secureframe.com
Promise,www.promise-pay.com/
fabric,fabric.inc
Wave Sports + Entertainment,www.wave.tv
Canary Technologies,www.canarytechnologies.com
Daybreak Health,www.daybreakhealth.com
Emotive,emotive.io/
Linear Labs,www.linearlabsinc.com
Atomic FI,www.atomic.financial/
AutoFi,www.autofi.com/
Customer.io,Customer.io
Propel,joinpropel.com
Genomenon,www.genomenon.com
Milo,www.milocredit.com
Roofstock,www.roofstock.com/
Marlette Funding,www.marlettefunding.com/
SmithRx,www.smithrx.com
Socotra,www.socotra.com
Cowbell Cyber,cowbell.insure
OpenLoop,openloophealth.com
TruEra,truera.com/
Bambee,www.bambee.com
Webflow,www.webflow.com
Deepcell,deepcell.com
ChargeAfter,chargeafter.com/
Beep,ridebeep.com
Celsius Therapeutics,www.celsiustx.com
Clarify Health Solutions,www.clarifyhealth.com
Data.world,data.world/
Remote,www.remote.com
Doceree,doceree.com/
Eleanor Health,eleanorhealth.com
Fetch Rewards,www.fetchrewards.com/
Diligent Robotics,diligentrobots.com/
Genies,genies.com
Reveleer,www.reveleer.com/
Anuvia Plant Nutrients,www.anuviaplantnutrients.com
Qualified.com,www.qualified.com
Concert Health,www.concerthealth.io
SmartX Technology Solutions,www.smartxadvisory.com/
Pachama,www.pachama.com
SirionLabs,sirionlabs.com
Stord,www.stord.com
Chainalysis,chainalysis.com
SkySpecs,skyspecs.com
Legacy,www.givelegacy.com
N3TWORK,www.n3twork.com
Semperis,www.semperis.com/
Regrow Ag,regrow.ag
Rivery.io,rivery.io
Clozd,www.clozd.com
Let’s Do This,www.letsdothis.com/
Arduino,www.arduino.cc
Sesame,sesamecare.com
DealHub.io,DealHub.io
Fountain,get.fountain.com
Postscript,www.postscript.io/
Openly,openly.com
LogRocket,logrocket.com
Rivet,www.rivethealth.com
Courier,www.courier.com
Gloat,www.gloat.com
Tomorrow Health,home.tomorrowhealth.com/